[
    {
        "model": "recipes.tag",
        "pk": 101,
        "fields": {
            "name": "Italian",
            "tag_type": "cuisine",
            "color": "#28a745"
        }
    },
    {
        "model": "recipes.tag",
        "pk": 102,
        "fields": {
            "name": "Vegetarian",
            "tag_type": "dietary",
            "color": "#17a2b8"
        }
    },
    {
        "model": "recipes.tag",
        "pk": 103,
        "fields": {
            "name": "Quick & Easy",
            "tag_type": "difficulty",
            "color": "#ffc107"
        }
    },
    {
        "model": "recipes.tag",
        "pk": 104,
        "fields": {
            "name": "Comfort Food",
            "tag_type": "meal_type",
            "color": "#fd7e14"
        }
    },
    {
        "model": "recipes.tag",
        "pk": 105,
        "fields": {
            "name": "Asian",
            "tag_type": "cuisine",
            "color": "#dc3545"
        }
    },
    {
        "model": "recipes.tag",
        "pk": 106,
        "fields": {
            "name": "Mediterranean",
            "tag_type": "cuisine",
            "color": "#6f42c1"
        }
    },
    {
        "model": "recipes.tag",
        "pk": 107,
        "fields": {
            "name": "Low Carb",
            "tag_type": "dietary",
            "color": "#20c997"
        }
    },
    {
        "model": "recipes.tag",
        "pk": 108,
        "fields": {
            "name": "Breakfast",
            "tag_type": "meal_type",
            "color": "#e83e8c"
        }
    },
    {
        "model": "recipes.tag",
        "pk": 109,
        "fields": {
            "name": "Dinner",
            "tag_type": "meal_type",
            "color": "#6610f2"
        }
    },
    {
        "model": "recipes.tag",
        "pk": 110,
        "fields": {
            "name": "Lunch",
            "tag_type": "meal_type",
            "color": "#fd7e14"
        }
    },
    {
        "model": "recipes.unit",
        "pk": 101,
        "fields": {
            "name": "cups",
            "abbreviation": "cup",
            "unit_type": "volume",
            "grams_per_unit": "240.00"
        }
    },
    {
        "model": "recipes.unit",
        "pk": 102,
        "fields": {
            "name": "tablespoons",
            "abbreviation": "tbsp",
            "unit_type": "volume",
            "grams_per_unit": "15.00"
        }
    },
    {
        "model": "recipes.unit",
        "pk": 103,
        "fields": {
            "name": "teaspoons",
            "abbreviation": "tsp",
            "unit_type": "volume",
            "grams_per_unit": "5.00"
        }
    },
    {
        "model": "recipes.unit",
        "pk": 104,
        "fields": {
            "name": "grams",
            "abbreviation": "g",
            "unit_type": "weight",
            "grams_per_unit": "1.00"
        }
    },
    {
        "model": "recipes.unit",
        "pk": 105,
        "fields": {
            "name": "pieces",
            "abbreviation": "pcs",
            "unit_type": "count",
            "grams_per_unit": "50.00"
        }
    },
    {
        "model": "recipes.unit",
        "pk": 106,
        "fields": {
            "name": "cloves",
            "abbreviation": "clove",
            "unit_type": "count",
            "grams_per_unit": "3.00"
        }
    },
    {
        "model": "recipes.ingredient",
        "pk": 101,
        "fields": {
            "name": "Pasta (Spaghetti)",
            "category": "grains",
            "common_unit": "grams",
            "calories_per_100g": "371.00",
            "protein_per_100g": "13.00",
            "carbs_per_100g": "74.00",
            "fat_per_100g": "1.50",
            "fibre_per_100g": "3.20",
            "sugars_per_100g": "2.67",
            "sodium_mg_per_100g": "6.00"
        }
    },
    {
        "model": "recipes.ingredient",
        "pk": 102,
        "fields": {
            "name": "Tomatoes (Canned, Crushed)",
            "category": "produce",
            "common_unit": "grams",
            "calories_per_100g": "32.00",
            "protein_per_100g": "1.60",
            "carbs_per_100g": "7.30",
            "fat_per_100g": "0.20",
            "fibre_per_100g": "1.40",
            "sugars_per_100g": "5.30",
            "sodium_mg_per_100g": "9.00"
        }
    },
    {
        "model": "recipes.ingredient",
        "pk": 103,
        "fields": {
            "name": "Garlic",
            "category": "produce",
            "common_unit": "cloves",
            "calories_per_100g": "149.00",
            "protein_per_100g": "6.36",
            "carbs_per_100g": "33.06",
            "fat_per_100g": "0.50",
            "fibre_per_100g": "2.10",
            "sugars_per_100g": "1.00",
            "sodium_mg_per_100g": "17.00"
        }
    },
    {
        "model": "recipes.ingredient",
        "pk": 104,
        "fields": {
            "name": "Olive Oil",
            "category": "oils",
            "common_unit": "tablespoons",
            "calories_per_100g": "884.00",
            "protein_per_100g": "0.00",
            "carbs_per_100g": "0.00",
            "fat_per_100g": "100.00",
            "fibre_per_100g": "0.00",
            "sugars_per_100g": "0.00",
            "sodium_mg_per_100g": "2.00"
        }
    },
    {
        "model": "recipes.ingredient",
        "pk": 105,
        "fields": {
            "name": "Onion",
            "category": "produce",
            "common_unit": "pieces",
            "calories_per_100g": "40.00",
            "protein_per_100g": "1.10",
            "carbs_per_100g": "9.34",
            "fat_per_100g": "0.10",
            "fibre_per_100g": "1.70",
            "sugars_per_100g": "4.24",
            "sodium_mg_per_100g": "4.00"
        }
    },
    {
        "model": "recipes.ingredient",
        "pk": 106,
        "fields": {
            "name": "Basil (Fresh)",
            "category": "herbs",
            "common_unit": "grams",
            "calories_per_100g": "22.00",
            "protein_per_100g": "3.15",
            "carbs_per_100g": "2.65",
            "fat_per_100g": "0.64",
            "fibre_per_100g": "1.60",
            "sugars_per_100g": "0.30",
            "sodium_mg_per_100g": "4.00"
        }
    },
    {
        "model": "recipes.ingredient",
        "pk": 107,
        "fields": {
            "name": "Parmesan Cheese",
            "category": "dairy",
            "common_unit": "grams",
            "calories_per_100g": "431.00",
            "protein_per_100g": "38.49",
            "carbs_per_100g": "4.06",
            "fat_per_100g": "28.61",
            "fibre_per_100g": "0.00",
            "sugars_per_100g": "0.90",
            "sodium_mg_per_100g": "1529.00"
        }
    },
    {
        "model": "recipes.ingredient",
        "pk": 108,
        "fields": {
            "name": "Chicken Breast",
            "category": "meat",
            "common_unit": "grams",
            "calories_per_100g": "165.00",
            "protein_per_100g": "31.00",
            "carbs_per_100g": "0.00",
            "fat_per_100g": "3.60",
            "fibre_per_100g": "0.00",
            "sugars_per_100g": "0.00",
            "sodium_mg_per_100g": "74.00"
        }
    },
    {
        "model": "recipes.ingredient",
        "pk": 109,
        "fields": {
            "name": "Rice (Jasmine)",
            "category": "grains",
            "common_unit": "cups",
            "calories_per_100g": "365.00",
            "protein_per_100g": "7.13",
            "carbs_per_100g": "79.95",
            "fat_per_100g": "0.66",
            "fibre_per_100g": "1.30",
            "sugars_per_100g": "0.12",
            "sodium_mg_per_100g": "5.00"
        }
    },
    {
        "model": "recipes.ingredient",
        "pk": 110,
        "fields": {
            "name": "Soy Sauce",
            "category": "condiments",
            "common_unit": "tablespoons",
            "calories_per_100g": "60.00",
            "protein_per_100g": "10.51",
            "carbs_per_100g": "5.57",
            "fat_per_100g": "0.00",
            "fibre_per_100g": "0.80",
            "sugars_per_100g": "1.68",
            "sodium_mg_per_100g": "5493.00"
        }
    },
    {
        "model": "recipes.ingredient",
        "pk": 111,
        "fields": {
            "name": "Eggs",
            "category": "protein",
            "common_unit": "pieces",
            "calories_per_100g": "155.00",
            "protein_per_100g": "13.00",
            "carbs_per_100g": "1.12",
            "fat_per_100g": "10.61",
            "fibre_per_100g": "0.00",
            "sugars_per_100g": "1.12",
            "sodium_mg_per_100g": "124.00"
        }
    },
    {
        "model": "recipes.ingredient",
        "pk": 112,
        "fields": {
            "name": "Bread (Whole Wheat)",
            "category": "grains",
            "common_unit": "pieces",
            "calories_per_100g": "247.00",
            "protein_per_100g": "13.00",
            "carbs_per_100g": "41.00",
            "fat_per_100g": "4.20",
            "fibre_per_100g": "7.00",
            "sugars_per_100g": "6.00",
            "sodium_mg_per_100g": "400.00"
        }
    },
    {
        "model": "recipes.ingredient",
        "pk": 113,
        "fields": {
            "name": "Avocado",
            "category": "produce",
            "common_unit": "pieces",
            "calories_per_100g": "160.00",
            "protein_per_100g": "2.00",
            "carbs_per_100g": "8.53",
            "fat_per_100g": "14.66",
            "fibre_per_100g": "6.70",
            "sugars_per_100g": "0.66",
            "sodium_mg_per_100g": "7.00"
        }
    },
    {
        "model": "recipes.ingredient",
        "pk": 114,
        "fields": {
            "name": "Bell Pepper",
            "category": "produce",
            "common_unit": "pieces",
            "calories_per_100g": "31.00",
            "protein_per_100g": "1.00",
            "carbs_per_100g": "7.31",
            "fat_per_100g": "0.30",
            "fibre_per_100g": "2.50",
            "sugars_per_100g": "4.20",
            "sodium_mg_per_100g": "4.00"
        }
    },
    {
        "model": "recipes.ingredient",
        "pk": 115,
        "fields": {
            "name": "Greek Yogurt",
            "category": "dairy",
            "common_unit": "grams",
            "calories_per_100g": "59.00",
            "protein_per_100g": "10.00",
            "carbs_per_100g": "3.60",
            "fat_per_100g": "0.39",
            "fibre_per_100g": "0.00",
            "sugars_per_100g": "3.60",
            "sodium_mg_per_100g": "36.00"
        }
    },
    {
        "model": "recipes.recipe",
        "pk": 101,
        "fields": {
            "user": 1,
            "title": "Classic Spaghetti Marinara",
            "slug": "classic-spaghetti-marinara",
            "description": "A timeless Italian pasta dish with a simple yet flavorful tomato sauce. Perfect for weeknight dinners and always a crowd-pleaser!",
            "prep_time": 15,
            "cook_time": 25,
            "servings": 4,
            "image_url": "https://images.unsplash.com/photo-1621996346565-e3dbc353d2e5?ixlib=rb-4.0.3&auto=format&fit=crop&w=1200&q=80",
            "view_count": 0,
            "created_at": "2025-08-02T00:00:00Z",
            "updated_at": "2025-08-02T00:00:00Z",
            "tags": [101, 102, 103, 109]
        }
    },
    {
        "model": "recipes.recipe",
        "pk": 102,
        "fields": {
            "user": 6,
            "title": "Asian Chicken Fried Rice",
            "slug": "asian-chicken-fried-rice",
            "description": "A delicious and satisfying fried rice with tender chicken, vegetables, and aromatic soy sauce. Great for using up leftover rice!",
            "prep_time": 20,
            "cook_time": 15,
            "servings": 4,
            "image_url": "https://images.unsplash.com/photo-1603133872878-684f208fb84b?ixlib=rb-4.0.3&auto=format&fit=crop&w=1200&q=80",
            "view_count": 0,
            "created_at": "2025-08-02T01:00:00Z",
            "updated_at": "2025-08-02T01:00:00Z",
            "tags": [105, 103, 109, 104]
        }
    },
    {
        "model": "recipes.recipe",
        "pk": 103,
        "fields": {
            "user": 1,
            "title": "Avocado Toast Supreme",
            "slug": "avocado-toast-supreme",
            "description": "Elevate your breakfast game with this gourmet avocado toast topped with fresh herbs and a perfectly poached egg.",
            "prep_time": 10,
            "cook_time": 5,
            "servings": 2,
            "image_url": "https://images.unsplash.com/photo-1541519227354-08fa5d50c44d?ixlib=rb-4.0.3&auto=format&fit=crop&w=1200&q=80",
            "view_count": 0,
            "created_at": "2025-08-02T02:00:00Z",
            "updated_at": "2025-08-02T02:00:00Z",
            "tags": [102, 103, 108, 107]
        }
    },
    {
        "model": "recipes.recipe",
        "pk": 104,
        "fields": {
            "user": 6,
            "title": "Mediterranean Chicken Bowl",
            "slug": "mediterranean-chicken-bowl",
            "description": "A healthy and vibrant bowl packed with Mediterranean flavors. Perfect for meal prep and loaded with protein and fresh vegetables.",
            "prep_time": 25,
            "cook_time": 20,
            "servings": 3,
            "image_url": "https://images.unsplash.com/photo-1546833999-b9f581a1996d?ixlib=rb-4.0.3&auto=format&fit=crop&w=1200&q=80",
            "view_count": 0,
            "created_at": "2025-08-02T03:00:00Z",
            "updated_at": "2025-08-02T03:00:00Z",
            "tags": [106, 107, 109, 110]
        }
    },
    {
        "model": "recipes.recipe",
        "pk": 105,
        "fields": {
            "user": 1,
            "title": "Creamy Greek Yogurt Parfait",
            "slug": "creamy-greek-yogurt-parfait",
            "description": "A protein-packed breakfast or snack that's both delicious and nutritious. Layer by layer of goodness!",
            "prep_time": 5,
            "cook_time": 0,
            "servings": 1,
            "image_url": "https://images.unsplash.com/photo-1488477304112-4944851de03d?ixlib=rb-4.0.3&auto=format&fit=crop&w=1200&q=80",
            "view_count": 0,
            "created_at": "2025-08-02T04:00:00Z",
            "updated_at": "2025-08-02T04:00:00Z",
            "tags": [102, 103, 108, 107]
        }
    },
    {
        "model": "recipes.recipeingredient",
        "pk": 101,
        "fields": {
            "recipe": 101,
            "ingredient": 101,
            "quantity": "400.00",
            "unit": 104,
            "notes": "Use your favorite pasta shape"
        }
    },
    {
        "model": "recipes.recipeingredient",
        "pk": 102,
        "fields": {
            "recipe": 101,
            "ingredient": 102,
            "quantity": "800.00",
            "unit": 104,
            "notes": "Good quality canned tomatoes"
        }
    },
    {
        "model": "recipes.recipeingredient",
        "pk": 103,
        "fields": {
            "recipe": 101,
            "ingredient": 103,
            "quantity": "4.00",
            "unit": 106,
            "notes": "Minced"
        }
    },
    {
        "model": "recipes.recipeingredient",
        "pk": 104,
        "fields": {
            "recipe": 101,
            "ingredient": 104,
            "quantity": "3.00",
            "unit": 102,
            "notes": "Extra virgin"
        }
    },
    {
        "model": "recipes.recipeingredient",
        "pk": 105,
        "fields": {
            "recipe": 101,
            "ingredient": 105,
            "quantity": "1.00",
            "unit": 105,
            "notes": "Medium sized, diced"
        }
    },
    {
        "model": "recipes.recipeingredient",
        "pk": 106,
        "fields": {
            "recipe": 101,
            "ingredient": 106,
            "quantity": "20.00",
            "unit": 104,
            "notes": "Fresh leaves, chopped"
        }
    },
    {
        "model": "recipes.recipeingredient",
        "pk": 107,
        "fields": {
            "recipe": 101,
            "ingredient": 107,
            "quantity": "50.00",
            "unit": 104,
            "notes": "Freshly grated"
        }
    },
    {
        "model": "recipes.recipeingredient",
        "pk": 108,
        "fields": {
            "recipe": 102,
            "ingredient": 108,
            "quantity": "300.00",
            "unit": 104,
            "notes": "Cut into bite-sized pieces"
        }
    },
    {
        "model": "recipes.recipeingredient",
        "pk": 109,
        "fields": {
            "recipe": 102,
            "ingredient": 109,
            "quantity": "2.00",
            "unit": 101,
            "notes": "Day-old rice works best"
        }
    },
    {
        "model": "recipes.recipeingredient",
        "pk": 110,
        "fields": {
            "recipe": 102,
            "ingredient": 111,
            "quantity": "3.00",
            "unit": 105,
            "notes": "Beaten"
        }
    },
    {
        "model": "recipes.recipeingredient",
        "pk": 111,
        "fields": {
            "recipe": 102,
            "ingredient": 110,
            "quantity": "3.00",
            "unit": 102,
            "notes": "Low sodium preferred"
        }
    },
    {
        "model": "recipes.recipeingredient",
        "pk": 112,
        "fields": {
            "recipe": 102,
            "ingredient": 104,
            "quantity": "2.00",
            "unit": 102,
            "notes": "For cooking"
        }
    },
    {
        "model": "recipes.recipeingredient",
        "pk": 113,
        "fields": {
            "recipe": 102,
            "ingredient": 103,
            "quantity": "3.00",
            "unit": 106,
            "notes": "Minced"
        }
    },
    {
        "model": "recipes.recipeingredient",
        "pk": 114,
        "fields": {
            "recipe": 103,
            "ingredient": 112,
            "quantity": "4.00",
            "unit": 105,
            "notes": "Thick slices, toasted"
        }
    },
    {
        "model": "recipes.recipeingredient",
        "pk": 115,
        "fields": {
            "recipe": 103,
            "ingredient": 113,
            "quantity": "2.00",
            "unit": 105,
            "notes": "Ripe avocados"
        }
    },
    {
        "model": "recipes.recipeingredient",
        "pk": 116,
        "fields": {
            "recipe": 103,
            "ingredient": 111,
            "quantity": "2.00",
            "unit": 105,
            "notes": "For poaching"
        }
    },
    {
        "model": "recipes.recipeingredient",
        "pk": 117,
        "fields": {
            "recipe": 104,
            "ingredient": 108,
            "quantity": "400.00",
            "unit": 104,
            "notes": "Grilled and sliced"
        }
    },
    {
        "model": "recipes.recipeingredient",
        "pk": 118,
        "fields": {
            "recipe": 104,
            "ingredient": 114,
            "quantity": "2.00",
            "unit": 105,
            "notes": "Mixed colors, sliced"
        }
    },
    {
        "model": "recipes.recipeingredient",
        "pk": 119,
        "fields": {
            "recipe": 104,
            "ingredient": 104,
            "quantity": "3.00",
            "unit": 102,
            "notes": "Extra virgin"
        }
    },
    {
        "model": "recipes.recipeingredient",
        "pk": 120,
        "fields": {
            "recipe": 105,
            "ingredient": 115,
            "quantity": "200.00",
            "unit": 104,
            "notes": "Plain Greek yogurt"
        }
    },
    {
        "model": "recipes.recipestep",
        "pk": 101,
        "fields": {
            "recipe": 101,
            "step_number": 1,
            "instruction": "Bring a large pot of salted water to boil. Add the spaghetti and cook according to package directions until al dente. Reserve 1 cup of pasta water before draining."
        }
    },
    {
        "model": "recipes.recipestep",
        "pk": 102,
        "fields": {
            "recipe": 101,
            "step_number": 2,
            "instruction": "While pasta cooks, heat olive oil in a large skillet over medium heat. Add diced onion and cook until softened, about 5 minutes."
        }
    },
    {
        "model": "recipes.recipestep",
        "pk": 103,
        "fields": {
            "recipe": 101,
            "step_number": 3,
            "instruction": "Add minced garlic to the skillet and cook for another minute until fragrant. Be careful not to burn it."
        }
    },
    {
        "model": "recipes.recipestep",
        "pk": 104,
        "fields": {
            "recipe": 101,
            "step_number": 4,
            "instruction": "Add crushed tomatoes to the skillet. Season with salt and pepper. Let simmer for 15-20 minutes, stirring occasionally, until sauce thickens."
        }
    },
    {
        "model": "recipes.recipestep",
        "pk": 105,
        "fields": {
            "recipe": 101,
            "step_number": 5,
            "instruction": "Add the cooked pasta to the sauce and toss to combine. Add pasta water as needed to achieve desired consistency. Stir in fresh basil and serve immediately with grated Parmesan cheese."
        }
    },
    {
        "model": "recipes.recipestep",
        "pk": 106,
        "fields": {
            "recipe": 102,
            "step_number": 1,
            "instruction": "Heat 1 tablespoon of oil in a large wok or skillet over high heat. Add beaten eggs and scramble until just set. Remove from pan and set aside."
        }
    },
    {
        "model": "recipes.recipestep",
        "pk": 107,
        "fields": {
            "recipe": 102,
            "step_number": 2,
            "instruction": "Add remaining oil to the same pan. Add chicken pieces and cook until golden brown and cooked through, about 6-8 minutes. Remove and set aside."
        }
    },
    {
        "model": "recipes.recipestep",
        "pk": 108,
        "fields": {
            "recipe": 102,
            "step_number": 3,
            "instruction": "In the same pan, add garlic and cook for 30 seconds until fragrant. Add the cold rice, breaking up any clumps with a spatula."
        }
    },
    {
        "model": "recipes.recipestep",
        "pk": 109,
        "fields": {
            "recipe": 102,
            "step_number": 4,
            "instruction": "Stir-fry the rice for 3-4 minutes until heated through. Add soy sauce and mix well to coat all the rice evenly."
        }
    },
    {
        "model": "recipes.recipestep",
        "pk": 110,
        "fields": {
            "recipe": 102,
            "step_number": 5,
            "instruction": "Return the scrambled eggs and cooked chicken to the pan. Stir everything together and cook for another 2-3 minutes until heated through. Taste and adjust seasoning. Serve hot."
        }
    },
    {
        "model": "recipes.recipestep",
        "pk": 111,
        "fields": {
            "recipe": 103,
            "step_number": 1,
            "instruction": "Toast the bread slices until golden brown and crispy."
        }
    },
    {
        "model": "recipes.recipestep",
        "pk": 112,
        "fields": {
            "recipe": 103,
            "step_number": 2,
            "instruction": "Meanwhile, bring a pot of water to a gentle simmer. Add a splash of vinegar. Crack eggs into individual small bowls."
        }
    },
    {
        "model": "recipes.recipestep",
        "pk": 113,
        "fields": {
            "recipe": 103,
            "step_number": 3,
            "instruction": "Mash the avocados in a bowl with a fork. Season with salt, pepper, and a squeeze of lemon juice."
        }
    },
    {
        "model": "recipes.recipestep",
        "pk": 114,
        "fields": {
            "recipe": 103,
            "step_number": 4,
            "instruction": "Create a gentle whirlpool in the simmering water and carefully drop in one egg. Poach for 3-4 minutes for runny yolk. Repeat with second egg."
        }
    },
    {
        "model": "recipes.recipestep",
        "pk": 115,
        "fields": {
            "recipe": 103,
            "step_number": 5,
            "instruction": "Spread mashed avocado generously on toast. Top each with a poached egg. Season with salt, pepper, and red pepper flakes if desired. Serve immediately."
        }
    },
    {
        "model": "recipes.recipestep",
        "pk": 116,
        "fields": {
            "recipe": 104,
            "step_number": 1,
            "instruction": "Season chicken breast with salt, pepper, and Mediterranean herbs. Heat olive oil in a grill pan over medium-high heat."
        }
    },
    {
        "model": "recipes.recipestep",
        "pk": 117,
        "fields": {
            "recipe": 104,
            "step_number": 2,
            "instruction": "Grill chicken for 6-7 minutes on each side until cooked through and internal temperature reaches 165°F. Let rest for 5 minutes, then slice."
        }
    },
    {
        "model": "recipes.recipestep",
        "pk": 118,
        "fields": {
            "recipe": 104,
            "step_number": 3,
            "instruction": "While chicken rests, prepare the bell peppers by slicing them into strips. You can eat them raw or quickly sauté for 2-3 minutes."
        }
    },
    {
        "model": "recipes.recipestep",
        "pk": 119,
        "fields": {
            "recipe": 104,
            "step_number": 4,
            "instruction": "Assemble the bowls by dividing sliced chicken and bell peppers among serving bowls. Drizzle with remaining olive oil and season with salt and pepper."
        }
    },
    {
        "model": "recipes.recipestep",
        "pk": 120,
        "fields": {
            "recipe": 105,
            "step_number": 1,
            "instruction": "In a serving glass or bowl, add a layer of Greek yogurt as your base. This will be your protein-packed foundation."
        }
    },
    {
        "model": "recipes.recipestep",
        "pk": 121,
        "fields": {
            "recipe": 105,
            "step_number": 2,
            "instruction": "Add your favorite toppings like fresh berries, granola, nuts, or honey in layers. Create a beautiful and delicious parfait that's perfect for breakfast or a healthy snack!"
        }
    }
]
